--
-- Script was generated by Devart dbForge Studio 2019 for MySQL, Version 8.1.22.0
-- Product home page: http://www.devart.com/dbforge/mysql/studio
-- Script date 2023. 03. 04. 16:26:36
-- Server version: 5.5.5-10.4.25-MariaDB
-- Client version: 4.1
--

-- 
-- Disable foreign keys
-- 
/*!40014 SET @OLD_FOREIGN_KEY_CHECKS=@@FOREIGN_KEY_CHECKS, FOREIGN_KEY_CHECKS=0 */;

-- 
-- Set SQL mode
-- 
/*!40101 SET @OLD_SQL_MODE=@@SQL_MODE, SQL_MODE='NO_AUTO_VALUE_ON_ZERO' */;

-- 
-- Set character set the client will use to send SQL statements to the server
--
SET NAMES 'utf8';

--
-- Set default database
--
USE leagueoflegends;

--
-- Drop table `players`
--
DROP TABLE IF EXISTS players;

--
-- Drop table `lanes`
--
DROP TABLE IF EXISTS lanes;

--
-- Drop table `ranks`
--
DROP TABLE IF EXISTS ranks;

--
-- Drop table `teams`
--
DROP TABLE IF EXISTS teams;

--
-- Set default database
--
USE leagueoflegends;

--
-- Create table `teams`
--
CREATE TABLE teams (
  id INT(11) NOT NULL AUTO_INCREMENT,
  TeamName VARCHAR(255) NOT NULL,
  PRIMARY KEY (id)
)
ENGINE = INNODB,
AUTO_INCREMENT = 7,
AVG_ROW_LENGTH = 2730,
CHARACTER SET utf8,
COLLATE utf8_hungarian_ci;

--
-- Create table `ranks`
--
CREATE TABLE ranks (
  id INT(11) NOT NULL AUTO_INCREMENT,
  rank VARCHAR(255) NOT NULL,
  PRIMARY KEY (id)
)
ENGINE = INNODB,
AUTO_INCREMENT = 11,
AVG_ROW_LENGTH = 1638,
CHARACTER SET utf8,
COLLATE utf8_hungarian_ci;

--
-- Create table `lanes`
--
CREATE TABLE lanes (
  id INT(11) NOT NULL AUTO_INCREMENT,
  lane VARCHAR(255) NOT NULL,
  PRIMARY KEY (id)
)
ENGINE = INNODB,
AUTO_INCREMENT = 6,
AVG_ROW_LENGTH = 3276,
CHARACTER SET utf8,
COLLATE utf8_hungarian_ci;

--
-- Create table `players`
--
CREATE TABLE players (
  id INT(11) NOT NULL AUTO_INCREMENT,
  Name VARCHAR(50) NOT NULL,
  laneid INT(11) NOT NULL,
  teamid INT(11) NOT NULL,
  rankid INT(11) NOT NULL,
  PRIMARY KEY (id)
)
ENGINE = INNODB,
AUTO_INCREMENT = 31,
AVG_ROW_LENGTH = 546,
CHARACTER SET utf8,
COLLATE utf8_hungarian_ci;

--
-- Create foreign key
--
ALTER TABLE players 
  ADD CONSTRAINT FK_players_lanes_id FOREIGN KEY (laneid)
    REFERENCES lanes(id);

--
-- Create foreign key
--
ALTER TABLE players 
  ADD CONSTRAINT FK_players_ranks_id FOREIGN KEY (rankid)
    REFERENCES ranks(id);

--
-- Create foreign key
--
ALTER TABLE players 
  ADD CONSTRAINT FK_players_teams_id FOREIGN KEY (teamid)
    REFERENCES teams(id) ON DELETE NO ACTION;

-- 
-- Dumping data for table teams
--
INSERT INTO teams VALUES
(1, 'EDG'),
(2, 'T1'),
(3, 'RNG'),
(4, 'G2 ESPORTS'),
(5, 'DWG KIA'),
(6, 'Tic-Tac Tac-Tic-ai Hadjárat');

-- 
-- Dumping data for table ranks
--
INSERT INTO ranks VALUES
(1, 'Iron'),
(2, 'Bronz'),
(3, 'Silver'),
(4, 'Gold'),
(5, 'Platinum'),
(6, 'Diamond'),
(7, 'Master'),
(8, 'Grandmaster'),
(9, 'Challenger'),
(10, 'Unranked');

-- 
-- Dumping data for table lanes
--
INSERT INTO lanes VALUES
(1, 'Top'),
(2, 'Jungle'),
(3, 'Mid'),
(4, 'Adc'),
(5, 'Support');

-- 
-- Dumping data for table players
--
INSERT INTO players VALUES
(1, 'Zeus', 1, 2, 9),
(2, 'Oner', 2, 2, 9),
(3, 'Faker', 3, 2, 9),
(4, 'Gumayusi', 4, 2, 9),
(5, 'Keria', 5, 2, 8),
(6, 'Ale', 1, 1, 8),
(7, 'Jiejie', 2, 1, 8),
(8, 'FoFo', 3, 1, 7),
(9, 'Leave', 4, 1, 10),
(10, 'Meiko', 5, 1, 9),
(11, 'Breathe', 1, 3, 8),
(12, 'Wei', 2, 3, 6),
(13, 'Angel', 3, 3, 9),
(14, 'GALA', 4, 3, 6),
(15, 'Ming', 5, 3, 6),
(16, 'BrokenBlade', 1, 4, 9),
(17, 'Yike', 2, 4, 8),
(18, 'Caps', 3, 4, 9),
(19, 'Hans Sama', 4, 4, 9),
(20, 'Mikyx', 5, 4, 9),
(21, 'Canna', 1, 5, 8),
(22, 'Canyon', 2, 5, 9),
(23, 'ShowMaker', 3, 5, 9),
(24, 'Deft', 4, 5, 8),
(25, 'Kellin', 5, 5, 9),
(26, 'Simp For Komi', 1, 6, 2),
(27, 'Hide on Poloska', 2, 6, 2),
(28, 'Simp for Uzaki', 3, 6, 2),
(29, 'Blady7', 4, 6, 3),
(30, 'imbence54', 5, 6, 2);

-- 
-- Restore previous SQL mode
-- 
/*!40101 SET SQL_MODE=@OLD_SQL_MODE */;

-- 
-- Enable foreign keys
-- 
/*!40014 SET FOREIGN_KEY_CHECKS=@OLD_FOREIGN_KEY_CHECKS */;